Workbook

Sheet Summary
A1: Risk Register Summary
A3: Metric | B3: Value
A4: Total active risks | B4: =COUNTIF('Risk Register'!P:P,"<>Closed")-1
A5: Critical risks | B5: =COUNTIF('Risk Register'!J:J,"Critical")
A6: High risks | B6: =COUNTIF('Risk Register'!J:J,"High")
A7: Monitoring / Open | B7: =COUNTIF('Risk Register'!P:P,"Open")+COUNTIF('Risk Register'!P:P,"Monitoring")
A8: Last review date | B8: =MAX('Risk Register'!Q:Q)

Sheet Risk Register
A1: Risk ID | B1: Date Raised | C1: Category | D1: Risk Description | E1: Cause / Source | F1: Trigger / Early Warning | G1: Probability (1-5) | H1: Impact (1-5) | I1: Score | J1: Priority Band | K1: Response Strategy | L1: Mitigation Action | M1: Contingency / Fallback | N1: Owner | O1: Target Date | P1: Status | Q1: Last Review | R1: Linked Report Ref | S1: Notes
A2: R-01 | B2: 2026-02-03 | C2: Interface | D2: SCADA broker and analytics middleware may not handshake on first live test | E2: Protocol mapping changed after IFC rev B | F2: Repeated packet drops during simulator test | G2: 3 | H2: 4 | I2: =G2*H2 | J2: =IF(I2>=15,"Critical",IF(I2>=10,"High",IF(I2>=5,"Medium","Low"))) | K2: Mitigate | L2: Freeze interface matrix and run dry tests with mirrored traffic | M2: Switch to offline event buffering during first week of operation | N2: Systems PM | O2: 2026-03-05 | P2: Open | Q2: 2026-03-29 | R2: Feb/Mar reports
A3: R-02 | B3: 2026-02-04 | C3: Stakeholder | D3: Depot operations may restrict access windows during festive period | E3: Higher bus utilisation forecast | F3: Access booking rejected or shortened twice in same week | G3: 3 | H3: 4 | I3: =G3*H3 | J3: =IF(I3>=15,"Critical",IF(I3>=10,"High",IF(I3>=5,"Medium","Low"))) | K3: Mitigate | L3: Secure weekend windows 2 weeks ahead and pre-stage kits | M3: Move non-live testing to warehouse mock-up | N3: Ops Coordinator | O3: 2026-04-02 | P3: Open | Q3: 2026-03-31 | R3: Mar report
A4: R-03 | B4: 2026-02-06 | C4: Supply Chain | D4: Imported brackets could arrive late due to port congestion | E4: Forwarder changed sailing | F4: ETA slips more than 5 days | G4: 2 | H4: 3 | I4: =G4*H4 | J4: =IF(I4>=15,"Critical",IF(I4>=10,"High",IF(I4>=5,"Medium","Low"))) | K4: Accept/Mitigate | L4: Keep local fabricator on standby for partial remake | M4: Resequence canopy snagging around missing brackets | N4: Procurement Lead | O4: 2026-03-09 | P4: Closed | Q4: 2026-03-12 | R4: Feb report | S4: Resolved in March
A5: R-04 | B5: 2026-02-07 | C5: Cybersecurity | D5: Client hardening approval may delay gateway deployment | E5: Security baseline not aligned with vendor image | F5: Open findings older than 7 days | G5: 4 | H5: 5 | I5: =G5*H5 | J5: =IF(I5>=15,"Critical",IF(I5>=10,"High",IF(I5>=5,"Medium","Low"))) | K5: Mitigate | L5: Daily tracker with client IT; split findings into must-fix vs post-go-live | M5: Use temporary rental gateways with approved image | N5: Cyber Lead | O5: 2026-04-03 | P5: Open | Q5: 2026-03-31 | R5: Feb/Mar reports | S5: Top risk
A6: R-05 | B6: 2026-02-09 | C6: Commercial | D6: FX movement may increase final hardware invoice value | E6: PO denominated partly in USD | F6: USD/MYR moves >3% from budget rate | G6: 2 | H6: 3 | I6: =G6*H6 | J6: =IF(I6>=15,"Critical",IF(I6>=10,"High",IF(I6>=5,"Medium","Low"))) | K6: Transfer/Mitigate | L6: Lock rate on remaining exposure | M6: Use contingency if FX clause cannot be renegotiated | N6: Commercial Mgr | O6: 2026-03-15 | P6: Monitoring | Q6: 2026-03-20 | R6: Feb report
A7: R-06 | B7: 2026-02-10 | C7: Quality | D7: Night-shift installation may increase rework or missed labels | E7: Compressed access windows | F7: QA punch list count rises above 15 items | G7: 3 | H7: 3 | I7: =G7*H7 | J7: =IF(I7>=15,"Critical",IF(I7>=10,"High",IF(I7>=5,"Medium","Low"))) | K7: Mitigate | L7: Add day-shift QA walkdown before energisation | M7: Hold energisation of affected zone until walkdown closure | N7: Site Manager | O7: 2026-04-08 | P7: Open | Q7: 2026-03-31 | R7: Mar report
A8: R-07 | B8: 2026-02-12 | C8: Resource | D8: Specialist integration engineer may be reassigned to another programme | E8: Shared specialist pool across business unit | F8: Notice of reassignment or competing critical issue | G8: 2 | H8: 4 | I8: =G8*H8 | J8: =IF(I8>=15,"Critical",IF(I8>=10,"High",IF(I8>=5,"Medium","Low"))) | K8: Mitigate | L8: Book engineer with sponsor escalation and backup vendor resource | M8: Use remote support from OEM and defer lower-priority scripts | N8: Delivery Director | O8: 2026-03-22 | P8: Monitoring | Q8: 2026-03-28 | R8: Feb report
A9: R-08 | B9: 2026-02-14 | C9: Safety | D9: Fatigue risk due to overtime during commissioning push | E9: Back-to-back weekend and night shifts | F9: Two consecutive weeks >60 hours for same crew | G9: 3 | H9: 4 | I9: =G9*H9 | J9: =IF(I9>=15,"Critical",IF(I9>=10,"High",IF(I9>=5,"Medium","Low"))) | K9: Mitigate | L9: Rotate crews and enforce rest roster | M9: Suspend non-critical testing for one shift cycle | N9: HSE Lead | O9: 2026-04-10 | P9: Open | Q9: 2026-03-31 | R9: Mar report
A10: R-09 | B10: 2026-03-03 | C10: Operations | D10: Weekend access may be cancelled at short notice | E10: Seasonal ridership demand | F10: Ops advisory flags depot utilisation >90% | G10: 3 | H10: 4 | I10: =G10*H10 | J10: =IF(I10>=15,"Critical",IF(I10>=10,"High",IF(I10>=5,"Medium","Low"))) | K10: Mitigate | L10: Confirm standby dates and hold crew on modular task packs | M10: Flip to offsite pre-config + weekday micro-windows | N10: Ops Coordinator | O10: 2026-04-05 | P10: Open | Q10: 2026-03-31 | R10: Mar report | S10: New in March
A11: R-10 | B11: 2026-03-05 | C11: Data | D11: Training dataset quality may be weaker than assumed for rare vehicle movements | E11: Historic clips not labelled consistently | F11: False positive rate >8% in UAT | G11: 2 | H11: 3 | I11: =G11*H11 | J11: =IF(I11>=15,"Critical",IF(I11>=10,"High",IF(I11>=5,"Medium","Low"))) | K11: Mitigate | L11: Expand labelled set for wash bay and reverse parking events | M11: Reduce scope of phase-1 model rules and retrain after go-live | N11: AI Lead | O11: 2026-04-12 | P11: Open | Q11: 2026-03-30 | R11: Mar report
A12: R-11 | B12: 2026-03-09 | C12: People | D12: Overtime fatigue may increase defect leakage and minor incidents | E12: Recovery plan adds night/weekend work | F12: Defect reopen count >2 in same test pack | G12: 3 | H12: 3 | I12: =G12*H12 | J12: =IF(I12>=15,"Critical",IF(I12>=10,"High",IF(I12>=5,"Medium","Low"))) | K12: Mitigate | L12: Add peer review for configuration changes after 11pm | M12: Slow recovery plan and use reserve days | N12: Site Manager | O12: 2026-04-09 | P12: Open | Q12: 2026-03-31 | R12: Mar report | S12: Similar to R-08 but quality-driven
A13: R-12 | B13: 2026-03-12 | C13: Budget | D13: Contingency drawdown may exceed delegated approval threshold | E13: Rental gateways and repeated SAT | F13: Forecast contingency usage >75% | G13: 2 | H13: 4 | I13: =G13*H13 | J13: =IF(I13>=15,"Critical",IF(I13>=10,"High",IF(I13>=5,"Medium","Low"))) | K13: Escalate | L13: Weekly forecast to sponsor and finance | M13: Stage acceptance to stop further spend | N13: Project Manager | O13: 2026-04-07 | P13: Open | Q13: 2026-03-31 | R13: Mar report
A14: R-13 | B14: 2026-03-15 | C14: Documentation | D14: O&M manuals may not be fully updated before handover | E14: Multiple redlines from site team | F14: More than 10 markups outstanding by 15 Apr | G14: 2 | H14: 2 | I14: =G14*H14 | J14: =IF(I14>=15,"Critical",IF(I14>=10,"High",IF(I14>=5,"Medium","Low"))) | K14: Mitigate | L14: Assign document controller to final compilation | M14: Issue interim quick reference guide at training | P14: Open | Q14: 2026-03-31 | R14: Mar report | S14: Intentionally missing owner/target
A15: R-14 | B15: 2026-03-18 | C15: Third Party | D15: Network switch firmware patch from OEM may arrive later than promised | E15: Dependency on OEM lab confirmation | F15: Patch release note not issued by 04 Apr | G15: 2 | H15: 5 | I15: =G15*H15 | J15: =IF(I15>=15,"Critical",IF(I15>=10,"High",IF(I15>=5,"Medium","Low"))) | K15: Mitigate | L15: Keep current firmware with known workaround on isolated VLAN | M15: Use spare switch and rollback plan during SAT | N15: OEM / Vendor PM | O15: 2026-04-04 | P15: Monitoring | Q15: 2026-03-30 | R15: Mar report

Sheet Lookups
A1: Probability | B1: Description | D1: Impact | E1: Description
A2: 1 | B2: Very Low | D2: 1 | E2: Negligible
A3: 2 | B3: Low | D3: 2 | E3: Minor
A4: 3 | B4: Medium | D4: 3 | E4: Moderate
A5: 4 | B5: High | D5: 4 | E5: Major
A6: 5 | B6: Very High | D6: 5 | E6: Severe

Sheet Metadata
A1: Workbook | B1: Synthetic project data for take-home assessment
A3: Project | B3: Southern Corridor Smart Bus Depot Upgrade
A4: Source note | B4: Values are synthetic but follow common PMO reporting structure.
